{
    "alphas": [
        0,
        0.05,
        0.1,
        0.2,
        0.5
    ],
    "recall@10": [
        0.09021693783896537,
        0.08489778890279516,
        0.07655402586566541,
        0.07238214434710054,
        0.07031706299541093
    ]
}