{
    "LightGCN": {
        "Recall@10": 0.09858156028368795,
        "Recall@20": 0.13594075928243637,
        "NDCG@10": 0.05869498971180223,
        "NDCG@20": 0.06807316993820271,
        "ColdRecall@10": 0.012745098039215686,
        "ColdRecall@20": 0.01764705882352941,
        "ColdNDCG@10": 0.008048643868058595,
        "ColdNDCG@20": 0.009256505785416237
    },
    "SemanticLightGCN": {
        "Recall@10": 0.101543596161869,
        "Recall@20": 0.14549436795994994,
        "NDCG@10": 0.05871261034386247,
        "NDCG@20": 0.06972768581060686,
        "ColdRecall@10": 0.016666666666666666,
        "ColdRecall@20": 0.022549019607843137,
        "ColdNDCG@10": 0.008223995380075563,
        "ColdNDCG@20": 0.009770896635880376
    }
}